sku,nombre_proveedor,cantidad,costo
SP504,LONCHERA FOIL Y ROSA,2,65492
SP503,LONCHERA FOIL Y MORADO,2,65492
SP508,MORRAL PLUS VERDE,2,112566
SP502,MORRAL FOIL Y MORADO,2,106458
SP501,MORRAL FOIL Y ROSA,2,106458
SP507,MORRAL PLUS ROSA,2,112466
LON-SUPI-ANI,Lochera Animal Print,4,100756
SP208,Morral Animal Print,1,163781
SP207,Morral Rosado y Fucsia,1,163781
SP209,Morral Agua Marina,2,367877
SP305,LONCHERA Verde,4,149884
SP301,LONCHERA ROSADA,1,100756
SP304,LONCHERA Lila,2,101524
SP205,Morral Verde,1,163781
