marca,sku,nombre,cantidad,costo
Libros,LB-GORILA,GORILA ANTHONY BROWNE,1,0
ebaby,BEBABYKIENPI18-2,Bebaby Kid Pijama Enteriza Piel de Durazno 18-24 meses,1,55462
ebaby,RATÓNPEREZKI2VE4-5,Ratón Perez Kid Pijama 2 Piezas Velvet 4-5 años,1,75630
ebaby,BABYFLAMINGKIENVE9-12,BabyFlamingo Kid Pijama Enteriza Velvet 9-12 meses,1,70588
ebaby,HADADELOSKI2VE6-7,Hada de los Dientes Kid Pijama 2 Piezas Velvet 6-7 años,1,80672
ebaby,BABYANIMALKIENPI9-12,Baby Animals Kid Pijama Enteriza Piel de Durazno 9-12 meses,1,55462
ebaby,BAILARINASKIENPI12-1,Bailarinas Kid Pijama Enteriza Piel de Durazno 12-18 meses,1,55462
ebaby,BOSQUEENCAKI2PI18M,Bosque encantado Kid Pijama 2 Piezas Piel de Durazno 18M,1,65546
ebaby,BOSQUEENCAKI2PI2-3,Bosque encantado Kid Pijama 2 Piezas Piel de Durazno 2-3 años,1,65546
ebaby,BABYANIMALKIENPI3-6,Baby Animals Kid Pijama Enteriza Piel de Durazno 3-6 meses,1,55462
ebaby,BOSQUEENCAKI2VE12M,Bosque encantado Kid Pijama 2 Piezas Velvet 12M,1,75630
ebaby,GRANJAKIENVE3-6,Granja Kid Pijama Enteriza Velvet 3-6 meses,1,70588
ebaby,GRANJAKI2VE12M,Granja Kid Pijama 2 Piezas Velvet 12M,1,75630
ebaby,PINGUINOSKIENVE9-12,Pinguinos Kid Pijama Enteriza Velvet 9-12 meses,1,70588
ebaby,BABYFLAMINGKIENVE18-2,BabyFlamingo Kid Pijama Enteriza Velvet 18-24 meses,1,70588
ebaby,BABYFLAMINGKIENVE12-1,BabyFlamingo Kid Pijama Enteriza Velvet 12-18 meses,1,70588
ebaby,BABYUNIVERSKI2PI18M,BabyUniverse Kid Pijama 2 Piezas Piel de Durazno 18M,1,65546
ebaby,BEBABYKIENPI6-9,Bebaby Kid Pijama Enteriza Piel de Durazno 6-9 meses,1,55462
ebaby,BABYANIMALKIENPI12-1,Baby Animals Kid Pijama Enteriza Piel de Durazno 12-18 meses,1,55462
ebaby,GRANJAKIENVE0-3,Granja Kid Pijama Enteriza Velvet 0-3 meses,1,70588
ebaby,BEBABYKIENPI0-3,Bebaby Kid Pijama Enteriza Piel de Durazno 0-3 meses,1,0
ebaby,PINGUINOSKIENVE0-3,Pinguinos Kid Pijama Enteriza Velvet 0-3 meses,1,70588
ebaby,BAILARINASKIENPI9-12,Bailarinas Kid Pijama Enteriza Piel de Durazno 9-12 meses,1,55462
ebaby,PINGUINOSKIENVE6-9,Pinguinos Kid Pijama Enteriza Velvet 6-9 meses,1,70588
ebaby,BABYANIMALKI2PI6-7,Baby Animals Kid Pijama 2 Piezas Piel de Durazno 6-7 años,1,65546
ebaby,BAILARINASKI2PI18M,Bailarinas Kid Pijama 2 Piezas Piel de Durazno 18M,1,65546
ebaby,BABYANIMALKIENPI0-3,Baby Animals Kid Pijama Enteriza Piel de Durazno 0-3 meses,1,55462
ebaby,GRANJAKI2VE4-5,Granja Kid Pijama 2 Piezas Velvet 4-5 años,1,75630
ebaby,BABYFLAMINGKIENVE3-6,BabyFlamingo Kid Pijama Enteriza Velvet 3-6 meses,1,70588
ebaby,BABYANIMALKIENPI6-9,Baby Animals Kid Pijama Enteriza Piel de Durazno 6-9 meses,1,55462
ebaby,PINGUINOSKIENVE3-6,Pinguinos Kid Pijama Enteriza Velvet 3-6 meses,1,70588
ebaby,BABYANIMALKI2PI18M,Baby Animals Kid Pijama 2 Piezas Piel de Durazno 18M,1,65546
ebaby,GRANJAKIENVE18-2,Granja Kid Pijama Enteriza Velvet 18-24 meses,1,70588
ebaby,BABYUNIVERSKI2PI12M,BabyUniverse Kid Pijama 2 Piezas Piel de Durazno 12M,1,65546
ebaby,BEBABYKI2PI12M,Bebaby Kid Pijama 2 Piezas Piel de Durazno 12M,1,65546
ebaby,BABYUNIVERSKI2PI4-5,BabyUniverse Kid Pijama 2 Piezas Piel de Durazno 4-5 años,1,65546
ebaby,BEBABYKIENPI12-1,Bebaby Kid Pijama Enteriza Piel de Durazno 12-18 meses,1,55462
ebaby,GRANJAKI2VE2-3,Granja Kid Pijama 2 Piezas Velvet 2-3 años,1,75630
ebaby,RATÓNPEREZKI2VE6-7,Ratón Perez Kid Pijama 2 Piezas Velvet 6-7 años,2,80672
ebaby,BAILARINASKI2PI12M,Bailarinas Kid Pijama 2 Piezas Piel de Durazno 12M,1,65546
ebaby,PINGUINOSKIENVE18-2,Pinguinos Kid Pijama Enteriza Velvet 18-24 meses,1,70588
ebaby,BEBABYKIENPI9-12,Bebaby Kid Pijama Enteriza Piel de Durazno 9-12 meses,1,55462
ebaby,PINGUINOSKIENVE12-1,Pinguinos Kid Pijama Enteriza Velvet 12-18 meses,1,70588
ebaby,BABYANIMALKI2PI12M,Baby Animals Kid Pijama 2 Piezas Piel de Durazno 12M,1,65546
ebaby,BAILARINASKIENPI18-2,Bailarinas Kid Pijama Enteriza Piel de Durazno 18-24 meses,1,55462
ebaby,BAILARINASKI2PI6-7,Bailarinas Kid Pijama 2 Piezas Piel de Durazno 6-7 años,1,65546
ebaby,BEBABYKI2PI18M,Bebaby Kid Pijama 2 Piezas Piel de Durazno 18M,1,65546
ebaby,GRANJAKIENVE12-1,Granja Kid Pijama Enteriza Velvet 12-18 meses,1,0
ebaby,BOSQUEENCAKI2PI6-7,Bosque encantado Kid Pijama 2 Piezas Piel de Durazno 6-7 años,1,65546
ebaby,GRANJAKIENVE9-12,Granja Kid Pijama Enteriza Velvet 9-12 meses,1,70588
ebaby,GRANJAKIENVE6-9,Granja Kid Pijama Enteriza Velvet 6-9 meses,1,70588
Moñerias,MON-bal-neg-u-012,Balaca Gruesa Sateen - Negro,1,32773
Moñerias,MON-bal-cor-u-008,Balaca Delgadita Sateen - Coral Light,2,29271.67
Moñerias,MON-bal-gri-u-014,Balaca Mediana Trenza - Gris,2,27731
Moñerias,MON-bal-dor-u-010,Balaca Piedras con Dorado - Dorado,2,38319
Moñerias,MON-clip-ros-u-005,Snap Clips Moritas - Rosado Palo de Rosa,2,9882
Moñerias,MON-bal-ani-u-015,Balaca Velvet Midi Animal Print - Animal Print Cafe,2,27731
Moñerias,MON-bal-ani-u-016,Balaca Velvet Midi Animal Print - Animal Print Beige,2,36190
Moñerias,MON-moos-mul-u-006,Moños Snap Clip Cute x6 - Multi 9,2,28403
Moñerias,MON-clip-tau-u-003,Clips Moño Corbatín Bordados - Taupé,1,21176
Moñerias,MON-clip-ros-u-004,Snap Clips Moritas - Rosado Claro,1,14118
Moñerias,MON-bal-ros-u-011,Balaca Gruesa Sateen - Rosado,1,32773
Moñerias,MON-bal-mor-u-013,Balaca Gruesa Sateen - Morado,2,32773
Moñerias,MON-bal-mor-u-009,Balaca Delgadita Sateen - Morado Lila,1,27731
Moñerias,MON-clip-tan-u-002,Clips Moño Corbatín Bordados - Tan,2,20756
Moñerias,MON-bal-ver-u-007,Balaca Delgadita Sateen - Verde Oliva,1,27731
Moñerias,MON-clip-ver-u-001,Clips Corazones de Pana - Verde Menta,2,19117
Kindred,KIN-BWL-MELI-DRZ,Bowl Snack Melié Durazno,2,22639
Kindred,KIN-CUB-SERR-GRY,Cubiertos Serra Grey,1,25160
Kindred,KIN-HLD-CONE-AZL,Holder Linni - Conejo Azul,3,12555
Kindred,KIN-SET-BERI-BLU,Set Alimentación Béri Blue,1,106563
Kindred,KIN-MOR-MOA-UNI,Mordedor Ma,3,37393.25
Kindred,KIN-API-NOKI-UNI,Apilable Nki,2,27681
Kindred,KIN-SON-NIBB-UNI,Sonajero Nibbi,8,17596.29
Kindred,KIN-RPC-BRUN-UNI,Rompecabezas Bruni,2,32723
Kindred,KIN-PLT-BERI-BLU,Plato Béri Blue,2,80571
Kindred,KIN-VAS-NUPP-BLU,Vaso Nuppa Blue,1,58739.33
Kindred,KIN-API-LIMO-UNI,Apilable Limora,2,55361
Kindred,KIN-CUB-SERR-BLU,Cubiertos Serra Blue,2,50319
Kindred,KIN-SET-BERI-GRN,Set Alimentación Béri Green,1,106563
Kindred,KIN-CUB-SERR-PNK,Cubiertos Serra Pink,2,25160
Kindred,KIN-PLT-BERI-BGE,Plato Béri Beige,2,40286
Kindred,KIN-VAS-NUPP-GRY,Vaso Nuppa Grey,1,35244
Kindred,KIN-VAS-NUPP-GRN,Vaso Nuppa Green,2,35244
Kindred,KIN-RPC-MARE-UNI,Rompecabezas Marelé,2,32723
Kindred,KIN-PLT-BERI-GRY,Plato Béri Grey,1,40286
Kindred,KIN-API-BERL-MOR,Apilable Berli Morado,2,75546
Kindred,KIN-HLD-OSO-RSA,Holder Linni - Oso Rosa,2,12555
Kindred,KIN-API-BERL-PNK,Apilable Berli Pink,3,45328
Kindred,KIN-POCKOU-GRS,Pockou Gris,2,17596.67
Kindred,KIN-SEN-AVOE-UNI,Juguete Sensorial Ave,3,28185
Kindred,KIN-VAS-NUPP-PNK,Vaso Nuppa Pink,4,35244
Kindred,KIN-PLT-BERI-GRN,Plato Béri Green,3,80571
Kindred,KIN-HLD-CONE-BGE,Holder Linni - Conejo Beige,2,12555
Kindred,KIN-MOR-NUMI-UNI,Mordedor Nmi,4,15076
Kindred,KIN-BAB-DRAP-GRY,Babero Drapeau Grey,2,35193
Kindred,KIN-POCKOU-MST,Pockou Mostaza,2,17597
Kindred,KIN-HLD-COCO-VRD,Holder Linni - Cocodrilo Verde,3,12555
Kindred,KIN-BAB-DRAP-GRN,Babero Drapeau Green,1,35193
Kindred,KIN-BWL-MELI-MST,Bowl Snack Melié Mostaza,2,33958
Kindred,KIN-BAB-DRAP-ARE,Babero Drapeau Arena,1,35193
Kindred,KIN-CUB-SERR-GRN,Cubiertos Serra Green,3,50319
Kindred,KIN-PLT-BERI-PNK,Plato Béri Pink,2,40286
Kindred,KIN-BAB-DRAP-BLU,Babero Drapeau Blue,3,52790
Kindred,KIN-BAB-DRAP-PNK,Babero Drapeau Pink,3,52790
HUGO,HUGO-LIBRO-SE,El Universo de Hugo - Libro Sin Empacar,4,52270.83
WEBO,WDC25-22ROSEGOLD,WEBO DRIFT ROSE GOLD - 22,1,93782
WEBO,WDC25-24SAND,WEBO DRIFT DUNE - 24,3,93782
WEBO,WDC25-24ROSEGOLD,WEBO DRIFT ROSE GOLD - 24,4,93782
WEBO,WDC25-26ROSEGOLD,WEBO DRIFT ROSE GOLD - 26,1,93782
WEBO,WDC25-26VAINILLA,WEBO DRIFT CLOUD - 26,1,93782
WEBO,WDC25-28VAINILLA,WEBO DRIFT CLOUD - 28,3,93782
WEBO,WDC25-30ROSEGOLD,WEBO DRIFT ROSE GOLD - 30,1,93782
WEBO,WDC25-24VAINILLA,WEBO DRIFT CLOUD - 24,2,93782
WEBO,WDC25-28SAND,WEBO DRIFT DUNE - 28,3,93782
WEBO,WDC25-30SAND,WEBO DRIFT DUNE - 30,2,93782
WEBO,WDC25-22VAINILLA,WEBO DRIFT CLOUD - 22,2,93782
WEBO,WDC25-28ROSEGOLD,WEBO DRIFT ROSE GOLD - 28,3,93782
WEBO,WDC25-26SAND,WEBO DRIFT DUNE - 26,4,93782
WEBO,WDC25-30VAINILLA,WEBO DRIFT CLOUD - 30,1,93782
Moñerias,BEM-LIN-ARENA,Balaca Elastica Moño Lino Arena,2,22941
Moñerias,BEM-LIN-TAUPE,Balaca Elastica Moño Lino Taupe,1,22941
Moñerias,BEM-LIN-LTCORAL,Balaca Elastica Moño Lino Light Coral,1,22941
Moñerias,BEM-LIN-GRIS,Balaca Elastica Moño Lino Gris,3,22941
Moñerias,MON-moo-ros-u-016,Moño Lino Tiras Largas,1,22064
Moñerias,MON-clip-tau-u-023,Clips Moño Lino,3,22065
Moñerias,MON-moo-tau-u-018,Moño Lino Tiras Largas,3,23322
Moñerias,MON-clip-bei-u-027,Clips Gato Pana,2,18633
Moñerias,MON-clip-tan-u-022,Clips Moño Lino,3,23741
Moñerias,MON-moo-lig-u-012,Moño Lino Tiras Largas,1,22065
Moñerias,MON-clip-ama-u-025,Clips Gato Pana,2,18633
Moñerias,MON-clip-ros-u-020,Clips Moño Lino,2,24579
Moñerias,MON-moos-mul-u-23,Moños Snap Clip Bebé Par x 3,2,26950
Moñerias,MON-clip-pla-u-007,Clip Estrellas Brillantes,3,20756
Moñerias,MON-moos-mul-u-24,Moños Snap Clip Bebé Par x 3,1,28403
Moñerias,MON-moo-ter-u-017,Moño Lino Tiras Largas,1,22065
Moñerias,MON-clip-ros-u-026,Clips Gato Pana,2,27248
Moñerias,MON-clip-dor-u-005,Clip Estrellas Brillantes,2,30448
Moñerias,MON-clip-ter-u-021,Clips Moño Lino,1,22065
Moñerias,MON-clip-rososc-u-004,Clips Moño velvet clasico,2,24579
Moñerias,MON-moo-cor-u-015,Moño Lino Tiras Largas,2,24579
Moñerias,MON-clip-gri-u-019,Clips Moño Lino,2,22065
Moñerias,MON-clip-tau-u-002,Clips Moño velvet clasico,1,24579
TOY,123203003,TU LIBRO FAVORITO MAMA PHOTBOOK,2,59940
TOY,123203005,TU LIBRO FAVORITO PAPA PHOTOBOOK,2,59940
TOY,123203026,SOMOS INSTANTES,3,47940
TOY,123217038,LAS COSAS BONITAS DE LA VIDA - CARTAS,3,36756
TOY,123203012,CIEN GRACIAS PARA TI PAPA Y GENERICO,1,56940
TOY,123203025,NUESTRA HISTORIA,7,59940
TOY,123203028,JOURNAL DE GRATITUD,7,48000
Picaboo,BBeige,Bucket Beige,2,61750
Libros,LB-ARRE,Arre Borriquita,1,59000
Libros,LB-FORMAS,El juego de las formas,1,48000
