sku,nombre_proveedor,marca,codigo_marca,cantidad,costo,precio_en_nombre,precio_venta,precio_estimado
CH191678,SCRATCH - SPACE,Avenir,AV,4,15080,29900,29900,
MU60797,TOUCH & PLAY FIRST ANIMAL PUZZLES,Headu,HB,2,35255,69900,69900,
CP233112,5 DOT MARKERS -5 COLOURS,Avenir,AV,1,30211,59900,59900,
CP233116,5 DOT MARKERS -5 PASTEL COLOURS,Avenir,AV,1,30211,59900,59900,
ES64160,DESCUBRE COLOMBIA ROMPECABEZAS,Headu,HB,1,50385,99900,99900,
13435,TUMMY TIME ESSENTIALS KIT,Taf Toys,TAF,2,95778,189900,189900,
CS243210,ART TO GO GEL-PAINTING ART ANIMALS,Avenir,AV,3,40298,79900,79900,
13755,PANDA BLOOM WATER MAT,Taf Toys,TF,2,40298,79900,79900,
4078-0,36 PC PUZZLE/ SHARK REEF,Crocodile Creek,CC,2,45342,89900,89900,
CS243187,DOODLE TIME-MAGIC REVEAL ART GARDEN,Avenir,AV,2,30211,59900,59900,
CS243165,PLAY N COLOUR WINDOW ART JUNGLE IMAGE,Avenir,AV,3,25167,49900,49900,
CH241951,LETS TRAVEL TOGETHER MAGIC DOODLE TABLET SPACE,Avenir,AV,2,35255,69900,69900,
CH241952,LETS TRAVEL TOGETHER MAGIC DOODLE TABLET DINOSAUR,Avenir,AV,2,35255,69900,69900,
13265,BEDTIME KIT,Taf Toys,TAF,2,95778,189900,189900,
12945,TUMMY TIME TRAINER,Taf Toys,TAF,2,85691,169900,169900,
MU62449,FLASHCARDS BABY BATH,Headu,HB,2,30211,69900,69900,
MU63019,MAXI FLASHCARDS MONTESSORI BABY ENGLISH,Headu,HB,2,30211,59900,59900,
E5598,NATURE WALKIE-TALKIES,Hape,HP,1,100822,199900,199900,
1065-3,STAINLESS BOTTLE/SOLAR SYSTEM,Crocodile Creek,CC,2,45342,89900,89900,
13765,ICE CREAM BEAR WATER MAT,Taf Toys,TF,2,40298,79900,79900,
12915,NEWBORN DEVELOP & PLAY KIT,Taf Toys,TF,2,95778,189900,189900,
7905-6,60-PC HOLOGRAPHIC PUZZLE/MAGICAL FRIENDS,Crocodile Creek,CC,2,40298,79900,79900,
00-03450,KIDZROBOTIX/SQUID ROBOT,4M,4M,2,45342,89900,89900,
MU59070,4 TACTILE PUZZLE WILD,Headu,HB,1,30211,59900,59900,
12605,WHAT DOES PAUL WEAR BOOK,Taf Toys,TF,2,45342,89900,89900,
13355,QUIET BUSY BOOK,Taf Toys,TAF,2,75604,149900,149900,
00-04790,KIDZMAKER/DINOSAUR RUB ART STUDIO,4M,4M,2,50385,99900,99900,
CH191679,SCRATCH - CONSTRUCTION,Avenir,AV,4,15080,29900,29900,
1065-2,STAINLESS BOTTLE/DINO WORLD,Crocodile Creek,CC,2,45342,89900,89900,
439-600-2,PRIMO FOLDABLE PLUS LIGHTS NAVY BLUE/EMERALD GREEN,Globber,,1,240017,399900,399900,
4079-3,36 PC PUZZLE/BUTTERFLY GARDEN,Crocodile Creek,CC,2,45342,89900,89900,
439-710-2,PRIMO FOLDABLE PLUS LIGHTS PASTEL PINK/FUCHSIA,Globber,GB,1,240017,399900,399900,
1064-7,STAINLESS BOTTLE/UNICORN GALAXY,Crocodile Creek,CC,2,45342,89900,89900,
7905-5,60 PC FOIL PUZZLE/SHIMMERING SHARK,Crocodile Creek,CC,2,40298,79900,79900,
CH1620,SEWING MY FIRST DOLL UNICORN,Avenir,AV,2,35255,69900,69900,
4078-2,36 PC PUZZLE/ RAINBOW,Crocodile Creek,CC,2,45342,89900,89900,
00-04743,FLAMINGO ROOM LIGHT,4M,4M,2,45342,89900,89900,
00-04744,UNICORN PILLOW,4M,4M,2,45342,89900,89900,
00-03480,KITCHEN SCIENCE CLOCK,4M,4M,2,40298,79900,79900,
13085,Urban Garden Foam Mat,Taf Toys,TF,2,151259,299900,299900,
E3607,SWEET WALKS DOLL STROLLER,Hape,HP,1,126040,249900,249900,
00-03491,KIDZLABS/FIZZY BUBBLE AND COLOUR LAB,4M,4M,2,60473,119900,119900,
00-03477,KIDZLABS/BUILD YOUR OWN BINOCULAR,4M,4M,2,35255,69900,69900,
00-03376,ECO ENGINEERING / SOLAR PLANE MOBILE,4M,4M,2,50385,99900,99900,
00-04775,MOULD & PAINT ANIMALS,4M,4M,2,30211,59900,59900,
00-03265,KIDZ LABS SCIENCE MAGIC,4M,4M,2,35255,69900,69900,
00-03442,KIDZROBOTIX / DRUMMER ROBOT,4M,4M,2,45342,89900,89900,
439-603-2,PRIMO FOLDABLE PLUS LIGHTS PURPLE/PASTEL PINK,Globber,GB,1,240017,399900,399900,
00-04788,KIDZMAKER/STENCIL BACKPACK PRINTING,4M,4M,2,45342,89900,89900,
00-03439,GREEN SCIENCE / PAPER MAKING,4M,4M,2,35255,69900,69900,
CS243189,DOODLE TIME-MAGIC REVEAL ART DINOSAURS,Avenir,AV,1,30211,59900,59900,
CH211809,LEVEL 1-ORIGAMI -CREATE MY OWN OCEAN,Avenir,AV,2,27689,54900,54900,
00-05210,GLOW STAR,4M,4M,2,20124,39900,39900,
7905-2,60 PC FOIL PUZZLE/ DAZZLING DINOS,Crocodile Creek,CC,2,40298,79900,79900,
4123-0,12-PC MINI PUZZLE/FLOWER POWER,Crocodile Creek,CC,2,25167,49900,49900,
00-04764,ORIGAMI ZOO ANIMALS,4M,4M,3,20124,39900,39900,
88888,GLOW IN THE DARK PUFFY STICKERS SPACE,Make Believe Ideas,MK,1,33010,60000,60000,
00-05426,GLOW 3D DINOSAUR,4M,4M,3,20124,,39900,sí
00-04787,KIDZMAKER/TIE DYE ART KIT,4M,4M,3,45342,,89900,sí
CH201769,LEVEL 3-ORIGAMI-CREATE MY OWN AIRPORT,Avenir,,1,27689,,54900,sí
4079-9,36-PC SHAPED BOX FOIL PUZZLE/SEA TURTLE,Crocodile Creek,,2,45342,,89900,sí
00-04770,3D MOULD & PAINT / GLITTER UNICORNS,4M,4M,1,30211,,59900,sí
CP233113,6 DINO FINGER CRAYONS,Avenir,,3,40298,,79900,sí
00-06309,WISH LAB/GLOW-IN-THE-DARK FLOWERS,4M,4M,1,15080,,29900,sí
00-04905,SOLAR SYSTEM STRING LIGHTS,4M,4M,1,50385,,99900,sí
2872-1,200 PUZZLE+POSTER/SPACE,Crocodile Creek,,3,35255,,69900,sí
00-04720,FASHION STUDIO,4M,4M,2,45342,,89900,sí
00-04567,GREEN CREATIVITY/PRESSED FLOWER ART,4M,4M,1,35255,,69900,sí
00-04797,KIDZMAKER/EASY-TO-DO SCREEN PRINTING,4M,4M,1,50385,,99900,sí
00-03454,KIDZLABS/FIZZY BUBBLE LAB,4M,4M,2,40298,,79900,sí
00-03423,BUBBLE ROBOT,4M,4M,2,45342,,89900,sí
00-04795,KIDZMAKER/GLITTER RAINBOW SNOW DOMES,4M,4M,1,45342,,89900,sí
00-03351,KIDZ LABS / BUBBLE SCIENCE,4M,4M,1,40298,,79900,sí
00-05423,GLOW 3D SOLAR SYSTEM,4M,4M,3,17601,,34900,sí
00-13233,KIDZ LABS / NIGHT SKY PROJECTION KIT,4M,4M,2,35255,,69900,sí
9781801319140,FIRST COLOURING SUPERHEROES,Usborne,UB,2,20168,40000,40000,
9781803370736,GOOGLY-EYE STICKERS BUSY DIGGERS,Make Believe Ideas,MK,1,36011,60000,60000,
E0406,APILADOR ARCOIRIS,Hape,HP,1,50385,109900,109900,
4072-9,36 PUZZLE/DINOSAUR,Crocodile Creek,,1,45342,,89900,sí
4118-5,12 MINI PUZZLE JUST HATCHED,Crocodile Creek,CC,2,25167,49900,49900,
4122-4,12-PC MINI PUZZLE/GO MISTER BEAR,Crocodile Creek,CC,3,25163,49900,49900,
00-03225,KIDZ LABS / GLOW SOLAR SYSTEM MOBILE MARKING KIT,4M,4M,1,35244,69900,69900,
