sku,nombre,cantidad,costo
BML-MS-FUEGO-FF-E912,Body m/corta est.MS FUEGO FIGURAS Full&Frase T. 9-12,1,46800
BML-MS-AGUA-FF-E69,Body m/larga est.MS AGUA CARITAS Full&Frase T. 6-9,1,46800
BML-MS-AIRE-FR-36,Body m/larga est.MS TIERRA HELADOS Frase T. 3-6,1,46800
BML-MS-AIRE-FF-E1218,Body m/larga est.MS TIERRA HELADOS Full&Frase T. 12-18,1,46800
BML-MS-TIER-FR-03,Body m/larga est.MS AIRE COHETES Frase T. 0-3,1,46800
JMP-MS-AZ-CL-1824,JUMPER unicolor magia de ser AZUL CLARO talla 18-24,1,89400
BML-MS-FUEGO-FR-03,Body m/larga est.MS FUEGO FIGURAS Frase T. 0-3,1,46800
BKUA-PALODEROSA12-18,Body KIM ML UC-AMB PALO T12-18,1,53400
PJ-BS-A-TERRACOTA-KOALA12-18,Pij AMB Terracota Koala T12-18,1,58800
PJ-BS-A-TERRACOTA-KOALA9-12,Pij AMB Terracota Koala T9-12,1,58800
PJ-BS-MS-CARITASFULL12-18,Pij MS CARITAS F T12-18,1,78000
PJ-BS-A-VERDE-MORSA-12-18,Pij AMB Verde Morsa T12-18,1,58800
PJ-BS-MS-COHETESFULL12-18,Pij MS COHETES F T12-18,1,78000
BK-U-A-AZULPETROLEO3-6,Body KIM ML UC-AMB AZUL P T3-6,1,53400
BK-U-A-AZULPETROLEO9-12,Body KIM ML UC-AMB AZUL T9-12,1,53400
P-E-A-HOJANARANJA6-9,Pant AMB HOJA NARANJA T6-9,1,47400
P-E-MS-FIGURAS18-24,Pant MS FIGURAS T18-24,1,47400
JUMPER-MS-AZULARANDANO9-12,Jump UC AZUL ARANDANO T9-12,1,89400
TALEGO-MS-GRIS9-12,Tal UC GRIS T9-12,1,115800
TALEGO-MS-ROSADO3-6,Tal UC ROSADO T3-6,1,115800
BK-U-A-AZULPETROLEO12-18,Body KIM ML UC-AMB AZUL T12-18,1,53400
PJ-BASICA-E-MS-FIGURASF&F9-12,Pij MS FIGURAS FF T9-12,1,78000
BK-U-A-OLIVA9-12,Body KIM ML UC-AMB OLIVA T9-12,1,53400
BML-E-MS-FUEGOFRASE6-9,Body ML MS FUEGO FIGURAS T6-9,1,46800
TALEGO-MS-AMARILLO6-9,Tal UC AMARILLO T6-9,1,115800
BK-U-A-OLIVA12-18,Body KIM ML UC-AMB OLIV T12-18,1,53400
PJ-BASICA-E-MS-FIGURASFULL9-12,Pij MS FIGURAS F T9-12,1,78000
PJ-BASICA-E-MS-HELADOSF&F6-9,Pij MS HELADOS FF T6-9,1,78000
JUMPER-MS-AZULARANDANO0-3,Jump UC AZUL ARANDANO T0-3,1,89400
PJ-BASICA-E-MS-CARITASF&F3-6,Pij MS CARITAS FF T3-6,1,78000
BK-U-A-PALODEROSA9-12,Body KIM ML UC-AMB PALO T9-12,1,53400
PJ-BASICA-E-MS-CARITASF&F12-18,Pij MS CARITAS FF T12-18,1,0
P-E-A-CORALNB,Pant AMB CORAL TNB,1,47400
JUMPER-MS-AMARILLO6-9,Jump UC AMARILLO T6-9,1,89400
BML-E-MS-FUEGOFRASE12-18,Body ML MS FUEGO FIGURA T12-18,1,46800
BK-U-A-OLIVA6-9,Body KIM ML UC-AMB OLIVA T6-9,1,53400
BML-U-A-OLIVA6-9,Body ML UC-AMB OLIVA T6-9,1,39000
BML-U-A-VINO6-9,Body ML UC-AMB VINO T6-9,1,39000
BK-U-A-PALODEROSA3-6,Body KIM ML UC-AMB PALO R T3-6,1,53400
JUMPER-MS-VERDECRUDO9-12,Jump UC CRUDO T9-12,1,89400
P-E-MS-FIGURAS9-12,Pant MS FIGURAS T9-12,1,47400
JUMPER-MS-VERDEPISTACHO6-9,Jump UC VERDE PISTACHO T6-9,1,89400
P-E-MS-HOJAS0-3,Pant MS HOJAS T0-3,1,47400
P-E-MS-FIGURAS0-3,Pant MS FIGURAS T0-3,1,47400
P-E-MS-HOJAS12-18,Pant MS HOJAS T12-18,1,47400
TALEGO-MS-CRUDO6-9,Tal UC CRUDO T6-9,1,115800
BK-U-A-PALODEROSA6-9,Body KIM ML UC-AMB PALO R T6-9,1,53400
P-E-A-HOJAAMBAR0-3,Pant AMB HOJA AMBAR T0-3,1,0
P-E-MS-ESTRELLAS18-24,Pant MS ESTRELLAS T18-24,1,47400
P-E-A-NUBES0-3,Pant AMB NUBES T0-3,1,47400
TALEGO-MS-GRIS3-6,Tal UC GRIS T3-6,1,115800
BML-U-A-VINO12-18,Body ML UC-AMB VINO T12-18,1,39000
P-E-MS-FIGURAS12-18,Pant MS FIGURAS T12-18,1,47400
JUMPER-MS-VERDEPISTACHO9-12,Jump UC VERDE PISTACHO T9-12,1,89400
P-E-A-HOJAAMBAR6-9,Pant AMB HOJA AMBAR T6-9,1,47400
BK-U-A-OLIVA3-6,Body KIM ML UC-AMB OLIVA T3-6,1,53400
BML-E-MS-AGUAFRASE9-12,Body ML MS AGUA CARITAS T9-12,1,46800
P-E-A-NUBESNB,Pant AMB NUBES TNB,1,47400
BK-U-A-AZULPETROLEONB,Body KIM ML UC-AMB AZUL PE TNB,1,53400
TALEGO-MS-IVORY9-12,Tal UC IVORY T9-12,1,115800
P-E-MS-ESTRELLAS0-3,Pant MS ESTRELLAS T0-3,1,47400
P-E-A-HOJANARANJANB,Pant AMB HOJA NARANJA TNB,1,47400
BK-U-A-AZULPETROLEO6-9,Body KIM ML UC-AMB AZUL P T6-9,1,53400
P-E-A-HOJANARANJA0-3,Pant AMB HOJA NARANJA T0-3,1,47400
TALEGO-MS-GRIS18-24,Tal UC GRIS T18-24,1,115800
BML-E-MS-AGUAFRASE3-6,Body ML MS AGUA CARITAS F T3-6,1,46800
P-E-A-HOJAAMBAR9-12,Pant AMB HOJA AMBAR T9-12,1,47400
P-E-A-NUBES6-9,Pant AMB NUBES T6-9,1,47400
P-E-A-HOJAAMBARNB,Pant AMB HOJA AMBAR TNB,1,47400
BML-E-MS-AIREFULL&FRASE0-3,Body ML MS TIERRA HELADOS T0-3,1,46800
BK-U-A-OLIVANB,Body KIM ML UC-AMB OLIVA TNB,1,53400
TALEGO-MS-IVORY3-6,Tal UC IVORY T3-6,1,115800
P-E-MS-HOJAS18-24,Pant MS HOJAS T18-24,1,47400
P-E-MS-HELADOS0-3,Pant MS HELADOS T0-3,1,47400
BK-U-A-PALODEROSA0-3,Body KIM ML UC-AMB PALO R T0-3,1,53400
TALEGO-MS-IVORY18-24,Tal UC IVORY T18-24,1,115800
P-E-A-NUBES9-12,Pant AMB NUBES T9-12,1,47400
JUMPER-MS-VERDECRUDO0-3,Jump UC CRUDO T0-3,1,0
P-E-MS-ESTRELLAS6-9,Pant MS ESTRELLAS T6-9,1,47400
BML-E-MS-TIERRAFRASE6-9,Body ML MS AIRE COHETES F T6-9,1,46800
BK-U-A-OLIVA0-3,Body KIM ML UC-AMB OLIVA T0-3,1,53400
P-E-MS-HELADOS9-12,Pant MS HELADOS T9-12,1,47400
BML-U-A-VINO3-6,Body ML UC-AMB VINO T3-6,1,53400
BML-E-MS-AGUAFULL&FRASE0-3,Body ML MS AGUA CARITAS F T0-3,1,46800
BML-E-MS-FUEGOFULL&FRASENB,Body ML MS FUEGO FIGURAS F TNB,1,46800
JUMPER-MS-AZULARANDANO6-9,Jump UC AZUL ARANDANO T6-9,1,89400
TALEGO-MS-LILA6-9,Tal UC LILA T6-9,1,115800
P-E-MS-FIGURAS6-9,Pant MS FIGURAS T6-9,1,47400
BML-E-MS-AGUAFRASE0-3,Body ML MS AGUA CARITAS F T0-3,1,0
P-E-MS-ESTRELLAS9-12,Pant MS ESTRELLAS T9-12,1,47400
JUMPER-MS-VERDECRUDO12-18,Jump UC CRUDO T12-18,1,89400
BML-E-MS-FUEGOFULL&FRASE3-6,Body ML MS FUEGO FIGURAS T3-6,1,46800
PJ-BASICA-E-MS-COHETESF&F12-18,Pij MS COHETES FF T12-18,1,0
TALEGO-MS-AMARILLO12-18,Tal UC AMARILLO T12-18,1,115800
JUMPER-MS-LILANB,Jump UC LILA TNB,1,89400
P-E-MS-ESTRELLAS12-18,Pant MS ESTRELLAS T12-18,1,47400
P-E-MS-HOJAS6-9,Pant MS HOJAS T6-9,1,47400
BML-E-MS-TIERRAFRASE12-18,Body ML MS AIRE COHETES T12-18,1,46800
BML-E-MS-TIERRAFULL&FRASENB,Body ML MS AIRE COHETES FF TNB,1,46800
JUMPER-MS-VERDECRUDO6-9,Jump UC CRUDO T6-9,1,89400
P-E-MS-HELADOS6-9,Pant MS HELADOS T6-9,1,47400
JUMPER-MS-ROSADO18-24,Jump UC ROSADO T18-24,1,89400
JUMPER-MS-AZULCLARO12-18,Jump UC AZUL CLARO T12-18,1,0
JUMPER-MS-LILA12-18,Jump UC LILA T12-18,1,89400
P-E-MS-HOJAS9-12,Pant MS HOJAS T9-12,1,47400
PJ-BASICA-E-MS-FIGURASF&F6-9,Pij MS FIGURAS FF T6-9,1,0
TALEGO-MS-CRUDO12-18,Tal UC CRUDO T12-18,1,115800
PJ-BASICA-E-MS-HELADOSF&3-6,Pij MS HELADOS FF T3-6,1,78000
JUMPER-MS-VERDEMENTA18-24,Jump UC VERDE MENTA T18-24,1,89400
JUMPER-MS-VERDEPISTACHONB,Jump UC VERDE PISTACHO TNB,1,89400
PJ-BASICA-E-MS-FIGURASF&F3-6,Pij MS FIGURAS FF T3-6,1,78000
JUMPER-MS-VERDECRUDO3-6,Jump UC CRUDO T3-6,1,89400
BML-E-MS-AGUAFRASENB,Body ML MS AGUA CARITAS FR TNB,1,46800
BML-E-MS-AIREFULL&FRASE6-9,Body ML MS TIERRA HELADOS T6-9,1,46800
JUMPER-MS-AZULCLARONB,Jump UC AZUL CLARO TNB,1,89400
BK-U-A-PALODEROSA12-18,Body ML UC-AMB PALO ROS T12-18,1,39000
PJ-BASICA-E-MS-FUEGOFULL3-6,Pij MS FIGURAS F T3-6,1,0
TALEGO-MS-ROSADO9-12,Tal UC ROSADO T9-12,1,115800
BML-E-MS-TIERRAFULL&FRASE9-12,Body MC MS AIRE COHETES T9-12,1,46800
JUMPER-MS-LILA18-24,Jump UC LILA T18-24,1,89400
PJ-BASICA-E-MS-HELADOSFULL3-6,Pij MS HELADOS F T3-6,1,78000
PJ-BASICA-E-MS-HELADOSF&F0-3,Pij MS HELADOS FF T0-3,1,78000
JUMPER-MS-LILA0-3,Jump UC LILA T0-3,1,89400
PJ-BASICA-E-A-MALVA-RINO-12-18,Pij AMB Malva Rino T12-18,1,58800
PJ-BASICA-E-A-GRIS-BUHO-9-12,Pij AMB Gris Buho T9-12,1,58800
