color,sku,barcode
Azul rey,HM-GAF-AZR,2001001000011
Azul cielo,HM-GAF-AZC,2001001000028
Amarillo,HM-GAF-AMA,2001001000035
Naranja,HM-GAF-NAR,2001001000042
Fucsia,HM-GAF-FUC,2001001000059
Rosado,HM-GAF-ROS,2001001000066
Lavanda,HM-GAF-LAV,2001001000073
Cuadros beige,HM-GAF-CBE,2001001000080
Cuadros azul y amarillo,HM-GAF-CAA,2001001000097
Rayas naranja 1,HM-GAF-RN1,2001001000103
Rayas naranja 2,HM-GAF-RN2,2001001000110
Rayas naranja 3,HM-GAF-RN3,2001001000127
Cuadros verde,HM-GAF-CVE,2001001000134